{"class_name": "Model", "config": {"name": "model_1", "layers": [{"name": "Input", "class_name": "InputLayer", "config": {"batch_input_shape": [null, 63, 47], "dtype": "float32", "sparse": false, "name": "Input"}, "inbound_nodes": []}, {"name": "LSTM_0", "class_name": "LSTM", "config": {"name": "LSTM_0", "trainable": true, "return_sequences": false, "return_state": false, "go_backwards": false, "stateful": false, "unroll": false, "units": 10, "activation": "tanh", "recurrent_activation": "hard_sigmoid", "use_bias": true, "kernel_initializer": {"class_name": "VarianceScaling", "config": {"scale": 1.0, "mode": "fan_avg", "distribution": "uniform", "seed": null}}, "recurrent_initializer": {"class_name": "Orthogonal", "config": {"gain": 1.0, "seed": null}}, "bias_initializer": {"class_name": "Zeros", "config": {}}, "unit_forget_bias": true, "kernel_regularizer": null, "recurrent_regularizer": null, "bias_regularizer": null, "activity_regularizer": null, "kernel_constraint": null, "recurrent_constraint": null, "bias_constraint": null, "dropout": 0.4, "recurrent_dropout": 0.0, "implementation": 1}, "inbound_nodes": [[["Input", 0, 0, {}]]]}, {"name": "dense_outputs", "class_name": "Dense", "config": {"name": "dense_outputs", "trainable": true, "units": 47, "activation": "softmax", "use_bias": true, "kernel_initializer": {"class_name": "VarianceScaling", "config": {"scale": 1.0, "mode": "fan_avg", "distribution": "uniform", "seed": null}}, "bias_initializer": {"class_name": "Zeros", "config": {}}, "kernel_regularizer": null, "bias_regularizer": null, "activity_regularizer": null, "kernel_constraint": null, "bias_constraint": null}, "inbound_nodes": [[["LSTM_0", 0, 0, {}]]]}], "input_layers": [["Input", 0, 0]], "output_layers": [["dense_outputs", 0, 0]]}, "keras_version": "2.2.4", "backend": "tensorflow"}